W8,NightmareWGovt_1,NightmareWGovt_2,NightmareWGovt_3,NightmareWGovt_5,NightmareWGovt_6,NightmareWGovt_7,NightmareWGovt_8,NightmareWGovt_9,NightmareWGovt_10,StopReform
.521576953,No,Yes,Yes,Yes,,No,No,No,No,
1.346794314,,Yes,No,Yes,,No,No,No,No,
.68803019,No,Yes,No,No,No,No,No,No,No,
.618358987,,Yes,No,No,,Yes,No,No,No,
1.2706016,No,No,No,,Yes,No,No,No,No,Plaid Cymru
.460676254,Yes,No,,,Yes,No,No,No,No,Plaid Cymru
.837199866,Yes,Yes,Yes,Yes,No,No,No,No,No,
1.91584565,No,Yes,Yes,Yes,No,Yes,No,No,No,
.619122598,,Yes,Yes,Yes,,Yes,No,No,No,
1.003927986,No,Yes,No,Yes,,No,No,No,No,
3.006000464,Yes,Yes,No,,Yes,No,No,No,No,Plaid Cymru
.475347366,Yes,Yes,,,Yes,,No,No,No,Plaid Cymru
.9079533279999999,,Yes,No,Yes,No,Yes,No,No,No,
.830281095,No,,No,,Yes,No,No,No,No,Plaid Cymru
.713689275,No,Yes,No,Yes,,No,No,No,No,
1.159633834,,No,No,Yes,Yes,No,No,No,No,Conservatives
1.585251645,,Yes,,Yes,Yes,Yes,No,No,No,Conservatives
.38010444,No,No,Yes,No,No,Yes,No,No,No,
1.827189969,No,No,No,No,No,No,No,No,Yes,
.71944531,,,No,Yes,,Yes,No,No,No,
1.232010419,Yes,Yes,Yes,,Yes,No,No,No,No,Plaid Cymru
.839854587,,Yes,Yes,Yes,No,Yes,No,No,No,
1.035361045,,Yes,Yes,Yes,No,Yes,No,No,No,
.639593726,Yes,,No,,Yes,,No,No,No,Plaid Cymru
1.007898117,No,No,No,No,Yes,No,No,No,No,Don't know
.690197745,Yes,No,,,Yes,No,No,No,No,Plaid Cymru
1.516011759,,Yes,No,Yes,,Yes,No,No,No,
1.10443711,No,No,No,No,No,No,No,No,Yes,
1.155118119,,Yes,No,No,,No,No,No,No,
.387063181,No,,,No,Yes,No,No,No,No,Plaid Cymru
.492899578,Yes,Yes,Yes,Yes,,Yes,No,No,No,
1.216630726,,No,No,No,No,No,No,Yes,No,
.64398539,No,No,No,Yes,,No,No,No,No,
.933768121,Yes,No,No,No,,Yes,No,No,No,
.933768121,Yes,,No,Yes,Yes,,No,No,No,Liberal Democrats
.9178042830000001,No,No,No,No,No,No,No,No,Yes,
.593468505,Yes,,No,No,Yes,No,No,No,No,Conservatives
.319437678,Yes,No,,,Yes,,No,No,No,Plaid Cymru
.894623528,,Yes,No,No,No,No,No,No,No,
1.307073035,No,Yes,Yes,Yes,,Yes,No,No,No,
1.339084497,No,Yes,Yes,Yes,,Yes,No,No,No,
.473112001,No,No,No,No,No,No,No,No,Yes,
.72501081,Yes,No,,,Yes,,No,No,No,Plaid Cymru
.317112952,Yes,,No,No,No,No,No,No,No,
.774655611,No,No,No,No,Yes,No,No,No,No,Plaid Cymru
1.677703496,,Yes,No,No,Yes,No,No,No,No,Conservatives
.790274994,,Yes,No,No,No,No,No,No,No,
.574353619,No,Yes,Yes,Yes,,Yes,No,No,No,
.912038577,Yes,No,No,,Yes,,No,No,No,Plaid Cymru
.498672669,No,No,No,No,No,,No,No,Yes,
.571753881,,Yes,No,Yes,,No,No,No,No,
.943811562,,Yes,No,Yes,No,Yes,No,No,No,
1.222089774,Yes,Yes,No,Yes,No,No,No,No,No,
.927261921,No,No,No,Yes,Yes,No,No,No,No,Labour
.393968738,,Yes,,No,Yes,No,No,No,No,Don't know
.74562914,Yes,,No,,Yes,,No,No,No,Plaid Cymru
1.765837122,No,No,No,No,Yes,Yes,No,No,No,Don't know
1.032583264,Yes,No,No,,No,No,No,No,No,
.515974676,No,Yes,Yes,Yes,,Yes,No,No,No,
.596052867,No,,No,No,Yes,No,No,No,No,Plaid Cymru
.500084321,No,Yes,No,,No,No,No,No,No,
.722716595,No,No,No,Yes,,No,No,No,No,
.346432112,No,No,No,No,,Yes,No,No,No,
.546955424,,Yes,,Yes,,,No,No,No,
.651236574,No,Yes,Yes,Yes,No,Yes,No,No,No,
.563901295,Yes,,No,,Yes,,No,No,No,Plaid Cymru
.642818411,No,,No,No,Yes,No,No,No,No,Labour
1.270065471,No,,No,Yes,Yes,No,No,No,No,Labour
.892244499,No,No,,No,Yes,No,No,No,No,Plaid Cymru
.550191576,No,Yes,No,No,,No,No,No,No,
.830970553,,Yes,Yes,No,Yes,Yes,No,No,No,Don't know
1.492786791,Yes,No,No,,Yes,No,No,No,No,Plaid Cymru
.798722287,,Yes,Yes,Yes,,No,No,No,No,
1.215727771,Yes,No,No,,No,No,No,No,No,
.815923559,Yes,Yes,No,,Yes,Yes,No,No,No,Don't know
.881489606,No,Yes,No,Yes,,Yes,No,No,No,
.656459268,Yes,Yes,No,,Yes,,No,No,No,Plaid Cymru
.659402852,,Yes,No,No,Yes,No,No,No,No,Plaid Cymru
.705371497,,Yes,Yes,Yes,,Yes,No,No,No,
.310436157,Yes,No,No,,No,No,No,No,No,
.693691458,No,Yes,No,No,,No,No,No,No,
.660232513,Yes,,Yes,,Yes,No,No,No,No,Plaid Cymru
.705371497,No,Yes,No,No,,No,No,No,No,
3.298464229,No,No,No,No,Yes,No,No,No,No,Don't know
1.173269923,Yes,Yes,Yes,No,,No,Yes,No,No,
.69328459,No,No,No,No,Yes,No,No,No,No,Don't know
.533780534,,Yes,No,Yes,Yes,Yes,No,No,No,Conservatives
.687681352,No,No,,No,Yes,No,No,No,No,Don't know
.740413405,No,Yes,No,No,,No,No,No,No,
.767411223,No,No,No,No,Yes,No,No,No,No,Don't know
.574300578,No,Yes,No,,Yes,No,No,No,No,Don't know
.599013087,Yes,Yes,Yes,Yes,,Yes,No,No,No,
.613654368,No,No,No,Yes,,No,No,No,No,
.753219475,No,No,No,No,Yes,No,No,No,No,Don't know
1.663644564,No,No,No,,Yes,,No,No,No,Plaid Cymru
.656628403,No,No,No,Yes,,No,No,No,No,
.9928098950000001,,Yes,Yes,Yes,,Yes,No,No,No,
1.144942343,Yes,Yes,No,,,No,No,No,No,
.7652301929999999,No,No,No,No,Yes,Yes,No,No,No,Plaid Cymru
.799197406,No,Yes,No,Yes,No,No,No,No,No,
.567263338,No,No,No,Yes,,No,No,No,No,
.747463846,,Yes,Yes,Yes,,Yes,No,No,No,
1.232679946,,Yes,No,Yes,,Yes,No,No,No,
.609505351,Yes,,,,Yes,No,No,No,No,Plaid Cymru
.617604845,Yes,No,,,Yes,,No,No,No,Plaid Cymru
1.8229556,No,No,No,Yes,No,No,No,No,No,
.860400422,Yes,,No,No,Yes,No,No,No,No,Labour
1.232010419,,Yes,Yes,Yes,,Yes,No,No,No,
.724650227,,No,No,Yes,No,No,No,No,No,
.981747124,No,No,No,No,No,No,No,No,Yes,
.84906296,Yes,No,,,,No,No,No,No,
2.741788336,No,No,Yes,Yes,Yes,Yes,Yes,No,No,Don't know
.820145695,No,,No,No,Yes,No,No,No,No,Labour
.6467967100000001,,Yes,No,No,,,No,No,No,
.848917294,,Yes,No,Yes,No,No,No,No,No,
.765444909,No,,No,,Yes,No,No,No,No,Plaid Cymru
1.418217818,No,Yes,Yes,Yes,,No,No,No,No,
.928646038,No,No,,,Yes,No,No,No,No,Plaid Cymru
.655028834,Yes,No,No,,Yes,No,No,No,No,Plaid Cymru
.962326665,,Yes,Yes,Yes,,Yes,No,No,No,
2.362649777,,Yes,,Yes,,Yes,No,No,No,
.882290728,No,No,No,No,No,No,No,Yes,No,
.349832274,No,,,Yes,Yes,No,No,No,No,Plaid Cymru
.735462806,,No,No,No,Yes,No,No,No,No,Plaid Cymru
1.027403331,Yes,,No,No,No,No,No,No,No,
1.605126369,Yes,Yes,Yes,,Yes,Yes,No,No,No,Plaid Cymru
.641495731,No,No,No,No,No,No,No,No,Yes,
.5111390179999999,No,No,No,No,No,No,No,No,Yes,
.464693563,No,Yes,Yes,No,,No,No,No,No,
.499612655,No,No,Yes,No,No,Yes,No,No,No,
.622582226,No,Yes,No,No,,No,No,No,No,
1.01662648,Yes,,No,,Yes,No,No,No,No,Plaid Cymru
.638422548,Yes,No,No,No,No,No,No,No,No,
1.492709496,,No,No,Yes,Yes,Yes,No,No,No,Labour
1.268105188,No,No,No,No,No,No,No,No,Yes,
1.963683884,Yes,Yes,Yes,Yes,,No,No,No,No,
.932029974,,No,Yes,Yes,No,Yes,No,No,No,
1.271261757,Yes,,No,,Yes,,No,No,No,Plaid Cymru
.594139499,Yes,,Yes,Yes,Yes,Yes,No,No,No,Labour
.817927073,Yes,,No,,Yes,,No,No,No,Plaid Cymru
.961847396,No,No,No,No,No,No,No,No,Yes,
1.458156071,Yes,Yes,No,No,,No,No,No,No,
.538553406,No,No,No,No,No,No,Yes,No,No,
.240122283,Yes,,No,,Yes,No,No,No,No,Plaid Cymru
.88964232,Yes,Yes,Yes,No,,Yes,No,No,No,
.632608388,No,,,,Yes,No,No,No,No,Don't know
1.002888919,Yes,No,No,,Yes,No,No,No,No,Don't know
1.346637899,,Yes,No,,,No,No,No,No,
.416285482,No,No,,,Yes,No,No,No,No,Plaid Cymru
1.962878119,Yes,Yes,,,Yes,,No,No,No,Plaid Cymru
.474418989,,Yes,Yes,Yes,,Yes,No,No,No,
1.289545141,Yes,Yes,,,No,No,No,No,No,
.931590036,Yes,No,No,No,Yes,,No,No,No,Plaid Cymru
1.12970913,Yes,No,No,No,Yes,,No,No,No,None of these
.582298804,Yes,No,No,,Yes,No,No,No,No,Plaid Cymru
1.073370892,,Yes,Yes,Yes,,Yes,No,No,No,
1.014734098,No,Yes,No,No,,No,No,No,No,
.635240649,Yes,No,,,Yes,,No,No,No,Plaid Cymru
.5551764890000001,Yes,No,No,,Yes,No,No,No,No,Plaid Cymru
.737433288,No,No,No,No,No,No,No,Yes,No,
.557892952,,Yes,No,Yes,,No,No,No,No,
.575434115,Yes,No,No,,Yes,No,No,No,No,Labour
.602842002,Yes,Yes,No,,Yes,No,No,No,No,Labour
1.241546703,No,No,No,No,,,No,Yes,No,
.860253982,No,Yes,Yes,,,Yes,No,No,No,
.4009602,Yes,No,,,Yes,No,No,No,No,Plaid Cymru
.438533777,Yes,,No,Yes,Yes,No,No,No,No,Labour
.530797094,Yes,No,,,Yes,,No,No,No,Plaid Cymru
.375514043,No,No,No,,Yes,No,No,No,No,Plaid Cymru
.396170217,No,,,Yes,Yes,No,No,No,No,Don't know
.502377263,Yes,Yes,Yes,,Yes,,No,No,No,Plaid Cymru
1.233783598,Yes,,,,Yes,No,No,No,No,Plaid Cymru
.804608297,,Yes,No,,No,Yes,No,No,No,
1.079443112,No,No,Yes,No,No,Yes,No,No,No,
.986336672,No,No,No,No,No,No,No,No,Yes,
1.214269117,No,No,No,No,No,No,No,No,Yes,
.98589268,No,No,No,No,No,No,No,No,Yes,
.621754069,No,,No,No,Yes,No,No,No,No,Labour
.328024155,No,No,No,Yes,No,No,No,No,No,
.894162388,Yes,Yes,Yes,Yes,,Yes,No,No,No,
.63915844,No,Yes,Yes,Yes,,Yes,No,No,No,
.446041817,No,Yes,No,Yes,,Yes,No,No,No,
.513124694,No,Yes,No,No,,No,No,No,No,
1.260344294,Yes,No,No,,Yes,,No,No,No,Plaid Cymru
2.061909058,Yes,Yes,Yes,Yes,,Yes,No,No,No,
.765444909,Yes,No,No,No,Yes,No,No,No,No,Labour
.438679347,No,Yes,No,No,,Yes,No,No,No,
.648856686,Yes,No,No,,Yes,,No,No,No,Plaid Cymru
.624607935,No,Yes,No,Yes,No,No,No,No,No,
.356477385,Yes,Yes,,,No,,No,No,No,
1.164781535,Yes,No,,,Yes,No,No,No,No,Plaid Cymru
.5111390179999999,Yes,,No,No,Yes,,No,No,No,Don't know
.775125007,Yes,No,No,No,,No,No,No,No,
3.254945461,No,No,Yes,No,,No,No,No,No,
1.492786791,Yes,No,No,,Yes,No,No,No,No,Don't know
1.03452053,,Yes,Yes,Yes,No,Yes,No,No,No,
1.5492848,No,No,No,,Yes,No,No,No,No,Plaid Cymru
1.305302551,Yes,No,No,,Yes,,No,No,No,Plaid Cymru
.874869263,,No,No,Yes,Yes,No,No,No,No,Conservatives
.707285982,,No,No,Yes,Yes,No,No,No,No,Labour
.675887306,,Yes,No,Yes,No,Yes,No,No,No,
.531772391,No,No,,,Yes,Yes,No,No,No,Don't know
1.91584565,No,No,No,No,No,No,No,No,Yes,
.781930058,No,No,No,No,No,No,No,No,Yes,
1.870135174,No,No,,No,No,No,Yes,No,No,
1.136014475,No,No,No,No,No,No,No,No,Yes,
.480428973,No,,No,No,Yes,No,No,No,No,Don't know
1.764433268,No,Yes,No,No,,No,No,No,No,
1.089745054,Yes,,,,Yes,,No,No,No,Plaid Cymru
.769083464,,Yes,No,Yes,Yes,No,No,No,No,Conservatives
1.55629453,Yes,No,No,No,Yes,,No,No,No,Plaid Cymru
1.006910118,No,No,No,,,No,No,No,Yes,
.9808366039999999,No,No,No,No,No,No,No,No,Yes,
.755397582,No,No,No,No,No,No,No,No,Yes,
.402213987,,Yes,,Yes,Yes,Yes,No,No,No,Liberal Democrats
.8290824919999999,Yes,,No,No,Yes,No,No,No,No,Labour
.533780534,,Yes,No,Yes,Yes,No,No,No,No,Plaid Cymru
.878012484,Yes,Yes,No,,Yes,No,No,No,No,Plaid Cymru
2.114406638,No,No,No,No,No,No,No,No,Yes,
.895109705,,Yes,No,No,Yes,No,No,No,No,Plaid Cymru
.712883267,,No,No,Yes,,Yes,No,No,No,
.893571007,Yes,Yes,No,,Yes,No,No,No,No,Plaid Cymru
.532093291,Yes,,No,No,Yes,,No,No,No,Labour
.920075624,No,No,No,No,No,No,No,No,Yes,
1.736087659,No,No,No,Yes,Yes,No,No,No,No,Don't know
.567684384,No,No,No,Yes,,Yes,No,No,No,
2.23179435,No,No,No,No,No,No,No,Yes,No,
.438533777,No,,No,No,Yes,No,No,No,No,Labour
.71249396,No,No,No,No,Yes,No,No,No,No,None of these
.916442086,Yes,No,No,,Yes,No,No,No,No,Plaid Cymru
.723278458,Yes,,No,,Yes,No,No,No,No,Plaid Cymru
1.22052008,,Yes,No,No,No,No,No,No,No,
.466476052,No,No,No,,Yes,No,No,No,No,Plaid Cymru
.567992888,,Yes,No,,Yes,Yes,No,No,No,Plaid Cymru
.657913961,Yes,Yes,No,No,,No,No,No,No,
.394949273,No,,,No,Yes,No,No,No,No,Plaid Cymru
.743812762,Yes,No,Yes,,Yes,No,No,No,No,Plaid Cymru
1.771822384,No,No,No,No,No,No,No,No,Yes,
.563002962,No,Yes,No,No,,No,No,No,No,
1.008072422,No,Yes,No,Yes,,Yes,No,No,No,
1.293952338,Yes,Yes,No,No,,No,No,No,No,
1.032583264,Yes,Yes,No,No,Yes,Yes,No,No,No,Some other party
.587159774,,Yes,No,Yes,,Yes,No,No,No,
.400215005,Yes,No,,,Yes,,No,No,No,Plaid Cymru
.839389813,Yes,Yes,No,,Yes,No,No,No,No,Don't know
1.15616685,No,No,No,No,Yes,No,No,No,No,Labour
.960993403,Yes,Yes,No,,Yes,,No,No,No,Plaid Cymru
.936781415,No,Yes,No,No,No,No,No,No,No,
1.33656229,No,No,No,No,No,No,No,No,Yes,
.342104892,No,No,No,Yes,No,No,No,No,No,
.722885611,Yes,,No,,Yes,,No,No,No,Plaid Cymru
.960697955,Yes,No,,No,Yes,No,No,No,No,Labour
.526934188,,,No,,Yes,No,No,No,No,Plaid Cymru
.483559725,Yes,Yes,,Yes,Yes,,No,No,No,Labour
.499612655,,Yes,No,No,,No,No,No,No,
.942099906,Yes,Yes,Yes,Yes,,Yes,No,No,No,
.601498074,Yes,,,,Yes,,No,No,No,Plaid Cymru
.579880234,No,No,No,Yes,No,No,No,No,No,
1.13118687,No,No,No,No,Yes,No,No,No,No,Plaid Cymru
.700574877,Yes,Yes,No,No,No,No,No,No,No,
.403068093,Yes,,,,Yes,,No,No,No,Plaid Cymru
.490797694,Yes,,No,No,Yes,No,No,No,No,Labour
.546585432,Yes,,No,,Yes,No,No,No,No,Plaid Cymru
.669949507,No,Yes,No,No,No,No,No,No,No,
.577491507,Yes,,No,,Yes,,No,No,No,Plaid Cymru
.420452141,,Yes,No,Yes,,No,No,No,No,
.5111390179999999,No,Yes,No,Yes,Yes,No,No,No,No,Don't know
.469357235,Yes,No,No,,Yes,,No,No,No,Plaid Cymru
.651434701,No,Yes,Yes,No,No,No,No,No,No,
.902169405,Yes,No,,No,Yes,Yes,No,No,No,Liberal Democrats
.7789965760000001,Yes,Yes,No,No,Yes,No,No,No,No,Don't know
.822736935,No,No,No,Yes,,No,No,No,No,
.724432491,Yes,Yes,No,Yes,Yes,No,No,No,No,Don't know
1.474969227,,Yes,Yes,Yes,Yes,Yes,No,No,No,Conservatives
1.145910932,Yes,,No,,Yes,No,No,No,No,Don't know
.603581342,No,No,No,No,Yes,No,No,No,No,Don't know
.929150704,Yes,No,,,Yes,,No,No,No,Plaid Cymru
1.033958633,No,Yes,No,No,,No,No,No,No,
1.224693988,Yes,,No,,Yes,,No,No,No,Greens
.580220548,,Yes,No,No,Yes,No,No,No,No,Plaid Cymru
1.008761016,No,Yes,,,,Yes,No,No,No,
.565014306,No,No,No,No,No,No,No,No,Yes,
.751219394,No,,No,No,Yes,No,No,No,No,Labour
.538421585,Yes,,Yes,No,Yes,No,No,No,No,Labour
1.076023068,,Yes,No,No,No,No,No,No,No,
2.19392256,No,No,No,No,No,No,No,No,Yes,
.41746873,,Yes,Yes,Yes,,Yes,No,No,No,
1.159284948,,Yes,No,Yes,No,No,No,No,No,
.9096091120000001,Yes,,No,,Yes,,No,No,No,Plaid Cymru
2.010132253,Yes,No,,,Yes,,No,No,No,Don't know
.964071349,No,No,No,,Yes,No,No,No,No,Plaid Cymru
1.648289661,Yes,,,Yes,Yes,No,No,No,No,Labour
.551769669,Yes,,No,,Yes,,No,No,No,Plaid Cymru
.425795145,No,Yes,No,,No,No,No,No,No,
.47950995,,Yes,,No,Yes,,No,No,No,Conservatives
.818828777,Yes,No,No,No,Yes,,No,No,No,Greens
1.571455374,No,No,Yes,,Yes,No,No,No,No,Plaid Cymru
.375906352,No,No,No,No,Yes,No,No,No,No,Plaid Cymru
1.088692062,No,No,No,No,No,No,No,Yes,No,
.922101871,Yes,No,,,Yes,,No,No,No,Don't know
.51181984,No,No,No,Yes,No,No,No,No,No,
.5111390179999999,No,No,No,No,,No,No,No,Yes,
.764812009,Yes,Yes,Yes,Yes,,Yes,No,No,No,
1.365255032,Yes,No,No,No,,No,No,No,No,
.570259797,No,No,No,No,No,No,No,No,Yes,
.871004378,No,Yes,No,No,,No,No,No,No,
.74438164,Yes,,No,No,No,No,No,No,No,
.707101681,No,No,No,No,No,No,No,No,Yes,
1.172776086,,Yes,Yes,Yes,Yes,Yes,No,No,No,Don't know
.599013087,,No,No,No,Yes,No,No,No,No,Don't know
1.291986447,Yes,No,No,No,No,No,No,No,No,
.841747186,Yes,,No,No,No,No,No,No,No,
.781930058,No,No,No,No,No,No,No,No,Yes,
.732172112,Yes,,,,Yes,,No,No,No,Greens
.960811853,No,Yes,Yes,Yes,,Yes,No,No,No,
.567263338,No,Yes,Yes,Yes,No,Yes,No,No,No,
1.156380424,No,No,,,Yes,No,No,No,No,Don't know
.849940518,Yes,,No,,Yes,No,No,No,No,Plaid Cymru
.990092349,Yes,No,No,No,Yes,No,No,No,No,Labour
.784960031,Yes,,No,Yes,Yes,No,No,No,No,Labour
.763626264,,No,No,,Yes,No,No,No,No,Labour
2.174770839,Yes,,No,,Yes,No,No,No,No,Don't know
1.003927986,No,No,No,No,,Yes,No,No,No,
1.818874016,Yes,,No,No,No,No,No,No,No,
.503240251,Yes,,No,,Yes,No,No,No,No,Labour
.630452123,,Yes,No,Yes,No,No,No,No,No,
.954403506,Yes,,No,,Yes,No,No,No,No,Plaid Cymru
.8676241609999999,Yes,,,,Yes,No,No,No,No,Labour
1.158302795,No,Yes,No,No,,No,No,No,No,
.331082777,Yes,No,No,,Yes,No,No,No,No,Plaid Cymru
.619634284,No,No,Yes,No,,Yes,No,No,No,
.847607608,No,Yes,No,,Yes,No,No,No,No,Plaid Cymru
.683551912,Yes,No,No,No,No,No,No,No,No,
.96180398,No,No,No,No,No,No,No,Yes,No,
1.473233465,,No,No,Yes,No,No,No,No,No,
.866684019,No,Yes,No,,No,No,No,No,No,
.659402852,,Yes,No,Yes,No,No,No,No,No,
.555445253,,Yes,Yes,Yes,,Yes,No,No,No,
1.748944513,Yes,No,,No,Yes,No,No,No,No,Don't know
.476226904,,Yes,No,No,,Yes,No,No,No,
.563852005,Yes,,No,,Yes,No,Yes,No,No,Labour
.814513357,No,No,No,No,No,No,No,No,Yes,
1.349155842,No,,No,No,Yes,No,No,No,No,Plaid Cymru
.550191576,No,Yes,No,Yes,,No,No,No,No,
2.107442159,No,No,No,No,No,No,No,No,Yes,
.557150844,,Yes,No,Yes,,Yes,No,No,No,
.951012274,No,No,No,,Yes,No,No,No,No,Plaid Cymru
.692307695,,Yes,Yes,Yes,,Yes,No,No,No,
.592939287,Yes,,No,,Yes,,No,No,No,Greens
.515974676,No,Yes,Yes,Yes,,Yes,No,No,No,
.423429043,No,Yes,No,Yes,,Yes,No,No,No,
.788323475,,Yes,No,Yes,,No,No,No,No,
.497539881,,No,Yes,Yes,,Yes,No,No,No,
.826291072,Yes,No,No,No,Yes,No,No,No,No,None of these
.743787041,Yes,Yes,No,,No,No,No,No,No,
.6348624349999999,No,Yes,Yes,Yes,No,Yes,No,No,No,
1.866747356,Yes,,No,No,No,No,No,No,No,
1.154279945,No,No,No,,Yes,No,No,No,No,Plaid Cymru
.605560375,Yes,No,No,,Yes,,No,No,No,Plaid Cymru
.590965612,No,Yes,No,No,No,No,No,No,No,
1.255080618,,No,No,No,No,No,No,Yes,No,
1.67575255,No,Yes,No,No,No,,No,No,No,
.900770491,No,,No,,Yes,,No,No,No,Plaid Cymru
.569279337,No,Yes,,No,Yes,,No,No,No,Don't know
1.018393403,No,Yes,No,,No,No,No,No,No,
.479180266,Yes,No,,No,No,No,No,No,No,
.861147413,,No,No,Yes,No,No,No,No,No,
.830059519,,Yes,No,No,No,No,No,No,No,
.32612309,Yes,Yes,No,,Yes,No,No,No,No,Plaid Cymru
2.138956235,Yes,Yes,No,Yes,No,Yes,No,No,No,
1.223342706,No,No,No,No,Yes,No,No,No,No,Liberal Democrats
.912388227,No,Yes,Yes,No,,Yes,No,No,No,
.462377971,No,No,No,,No,No,No,No,Yes,
.648173201,No,No,No,No,,Yes,No,No,No,
.761124125,No,No,,No,Yes,No,No,No,No,Liberal Democrats
.434326722,Yes,No,,,Yes,No,No,No,No,Liberal Democrats
.501545981,No,Yes,No,Yes,,Yes,No,No,No,
.520083779,,Yes,Yes,Yes,,Yes,No,No,No,
.772712401,,Yes,Yes,Yes,,Yes,No,No,No,
.587159774,,Yes,No,No,Yes,Yes,No,No,No,Conservatives
1.519388618,Yes,Yes,No,Yes,,Yes,No,No,No,
.990659749,No,,,,Yes,No,No,No,No,Plaid Cymru
1.043727345,No,No,No,No,No,No,No,No,Yes,
.672081975,Yes,Yes,Yes,Yes,No,Yes,No,No,No,
.54190598,Yes,Yes,No,,Yes,No,No,No,No,Plaid Cymru
.799197406,Yes,,No,,Yes,No,No,No,No,Plaid Cymru
3.028991991,Yes,,,,Yes,,No,No,No,Plaid Cymru
.563901295,,Yes,Yes,No,,No,No,No,No,
.681374005,Yes,Yes,Yes,Yes,,Yes,No,No,No,
3.254945461,No,No,Yes,No,Yes,Yes,No,No,No,Conservatives
1.166577885,No,No,No,No,No,No,No,No,Yes,
.780403815,No,Yes,Yes,Yes,,Yes,No,No,No,
1.172776086,,No,No,No,Yes,No,No,No,No,Plaid Cymru
1.509407128,No,,No,,Yes,No,No,No,No,Plaid Cymru
1.224007523,No,No,No,,Yes,No,No,No,No,Don't know
.4009602,Yes,No,,,Yes,No,No,No,No,Plaid Cymru
1.37347432,No,No,No,No,No,No,No,No,Yes,
1.402585905,No,No,No,No,No,No,No,No,Yes,
.947455682,No,,No,No,Yes,No,No,No,No,Labour
.543218134,No,No,No,Yes,,Yes,No,No,No,
1.042203152,Yes,Yes,Yes,No,,Yes,No,No,No,
.867798649,,No,No,No,Yes,No,No,No,No,Don't know
.618299043,Yes,,No,,Yes,No,No,No,No,None of these
1.955470165,,Yes,Yes,No,,Yes,No,No,No,
.7430398499999999,No,Yes,No,,Yes,No,No,No,No,Plaid Cymru
1.594760515,Yes,No,,,Yes,No,No,No,No,Plaid Cymru
.466193566,Yes,,,,Yes,,No,No,No,Plaid Cymru
1.405683,No,Yes,No,No,No,No,No,No,No,
4.190414264,No,No,No,No,No,No,No,Yes,No,
.8499575539999999,,Yes,Yes,Yes,Yes,Yes,No,No,No,Don't know
.673932452,Yes,,No,No,No,No,No,No,No,
1.588149135,No,No,No,No,No,No,No,No,Yes,
.567992888,,Yes,No,,Yes,Yes,No,No,No,Conservatives
.944605671,No,Yes,No,,No,No,No,No,No,
.711314659,Yes,,Yes,Yes,Yes,Yes,No,No,No,Labour
.552963395,No,No,No,No,Yes,No,No,No,No,Don't know
.396170217,No,No,No,No,No,No,No,No,Yes,
.421835683,Yes,No,,,Yes,,No,No,No,Plaid Cymru
.799427109,Yes,Yes,,No,Yes,,No,No,No,Don't know
.462224537,Yes,Yes,,,Yes,No,No,No,No,Liberal Democrats
.642813285,,No,,Yes,No,No,No,No,No,
.991545617,Yes,,,,Yes,No,No,No,No,Plaid Cymru
.493679996,Yes,No,No,,Yes,,No,No,No,Plaid Cymru
.319437678,Yes,,No,,Yes,No,No,No,No,Plaid Cymru
.410199992,,No,No,No,No,No,No,Yes,No,
.660298843,Yes,,No,No,Yes,No,Yes,No,No,Plaid Cymru
.29083919,No,No,No,No,Yes,,No,No,No,Greens
1.235617357,Yes,No,No,No,Yes,Yes,No,No,No,Labour
.712883267,Yes,Yes,Yes,No,,No,No,No,No,
.673184162,Yes,,,,Yes,,No,No,No,Plaid Cymru
.7324823070000001,No,,No,No,Yes,No,No,No,No,Labour
.563670711,Yes,No,No,No,No,,No,No,No,
.510073781,No,No,,No,Yes,,No,No,No,Plaid Cymru
.457360174,Yes,Yes,No,No,Yes,No,No,No,No,Greens
.621416365,No,No,No,No,No,No,No,No,Yes,
.603507775,No,,No,No,Yes,No,No,No,No,Labour
.93782309,No,No,No,No,No,No,No,No,Yes,
.482341699,No,Yes,Yes,Yes,,Yes,No,No,No,
.667431122,No,,No,No,Yes,No,No,No,No,Plaid Cymru
.909802305,,Yes,Yes,Yes,,Yes,No,No,No,
.464747258,No,Yes,No,,Yes,Yes,No,No,No,Don't know
.944613204,Yes,Yes,No,No,,No,No,No,No,
2.433947736,Yes,No,No,No,Yes,No,No,No,No,Labour
.822525612,No,Yes,No,,Yes,No,No,No,No,Plaid Cymru
1.201898593,No,No,No,No,Yes,No,No,No,No,Conservatives
1.368036006,Yes,Yes,No,,Yes,No,No,No,No,Plaid Cymru
1.223477812,No,No,Yes,Yes,Yes,No,No,No,No,Greens
.803112728,No,Yes,Yes,Yes,,Yes,No,No,No,
.8493397110000001,Yes,Yes,,,Yes,,No,No,No,Plaid Cymru
.3852087,No,No,No,No,No,No,No,No,Yes,
.788323475,Yes,Yes,Yes,,,Yes,No,No,No,
.931285485,No,Yes,No,No,,No,No,No,No,
.635985077,,Yes,,No,Yes,,No,No,No,Liberal Democrats
.6355814400000001,No,No,No,No,No,No,No,No,Yes,
.480691626,No,No,,No,Yes,Yes,No,No,No,Liberal Democrats
1.174972545,Yes,,No,No,No,No,No,No,No,
.524317923,No,No,No,No,No,No,No,No,Yes,
.547707082,Yes,,No,No,Yes,No,No,No,No,Labour
3.723123761,No,No,No,No,No,No,No,No,Yes,
1.224194556,,Yes,No,No,No,No,No,No,No,
1.015228276,Yes,No,,,Yes,,No,No,No,Plaid Cymru
1.561393377,Yes,Yes,Yes,No,No,No,No,No,No,
1.648896723,No,No,No,No,No,No,No,No,Yes,
1.47881033,Yes,No,,Yes,,No,No,No,No,
.427081748,,Yes,,Yes,,No,No,No,No,
.7609113280000001,Yes,,Yes,Yes,Yes,Yes,Yes,No,No,Labour
1.056694757,No,No,No,No,No,No,No,No,Yes,
.5267733489999999,Yes,Yes,No,Yes,,No,No,No,No,
.938332743,No,Yes,Yes,No,,Yes,No,No,No,
.662930027,,No,,Yes,Yes,No,No,No,No,Labour
.448105121,Yes,No,No,,Yes,,No,No,No,Don't know
.304864711,Yes,No,,,Yes,,No,No,No,Don't know
1.181723659,Yes,No,,,Yes,,No,No,No,Plaid Cymru
2.011057533,Yes,No,No,No,No,No,No,No,No,
1.056318002,No,Yes,No,No,,No,No,No,No,
1.40353303,Yes,,No,,Yes,,No,No,No,Plaid Cymru
.591254956,No,No,No,,Yes,No,No,No,No,Plaid Cymru
1.206779171,No,Yes,No,,Yes,No,No,No,No,Plaid Cymru
.603449555,No,No,No,No,Yes,No,No,No,No,Don't know
.510310004,No,,,,Yes,,No,No,No,Plaid Cymru
.6065740590000001,Yes,,Yes,No,Yes,No,No,No,No,Plaid Cymru
.645241425,,Yes,No,No,,Yes,No,No,No,
1.0242263,Yes,,No,No,No,,No,No,No,
.5108613950000001,Yes,,,,Yes,No,No,No,No,Labour
1.348015459,Yes,Yes,No,,Yes,No,No,No,No,Plaid Cymru
.758109281,No,Yes,No,,No,No,No,No,No,
2.048952267,Yes,Yes,Yes,No,No,No,No,No,No,
.59513521,Yes,No,No,,Yes,No,No,No,No,Plaid Cymru
.819492346,No,No,No,Yes,,No,No,No,No,
.8057277859999999,No,No,Yes,,Yes,Yes,No,No,No,Conservatives
.61751331,Yes,Yes,No,No,,,No,No,No,
2.158107083,No,No,No,,Yes,No,No,No,No,Plaid Cymru
.848878395,Yes,Yes,Yes,No,,No,No,No,No,
.859129167,No,No,No,No,No,No,No,No,Yes,
1.372562156,,Yes,No,No,,Yes,No,No,No,
.895109705,Yes,Yes,No,Yes,,No,No,No,No,
.5110909219999999,No,Yes,Yes,Yes,,No,No,No,No,
.830970553,No,Yes,No,Yes,,No,No,No,No,
1.443382284,Yes,No,No,No,Yes,No,No,No,No,Labour
2.101942127,Yes,No,,,Yes,No,No,No,No,Plaid Cymru
.433410021,No,No,No,No,No,No,No,No,Yes,
.777053455,Yes,No,Yes,,No,Yes,No,No,No,
1.380436566,No,Yes,Yes,Yes,,Yes,No,No,No,
1.86333155,No,No,No,No,No,No,No,No,Yes,
.494287793,No,Yes,Yes,Yes,,Yes,No,No,No,
1.625710386,Yes,,Yes,,No,No,No,No,No,
.635139091,No,No,No,No,No,No,No,Yes,No,
2.91993427,Yes,,,,Yes,,No,No,No,Labour
1.28621638,No,No,No,No,No,No,No,No,Yes,
.635266824,,Yes,Yes,No,Yes,Yes,No,No,No,Conservatives
.416530796,No,Yes,No,No,No,No,No,No,No,
.728625856,No,Yes,No,Yes,,Yes,No,No,No,
.5720761599999999,No,No,No,No,No,No,No,No,Yes,
.7817998860000001,Yes,No,No,,Yes,,No,No,No,Plaid Cymru
.459267473,Yes,,,,Yes,,No,No,No,Plaid Cymru
1.26100881,No,Yes,No,No,No,No,No,No,No,
.894056611,Yes,No,No,,Yes,No,Yes,No,No,Plaid Cymru
2.936600912,,Yes,No,No,No,No,No,No,No,
.468492976,No,No,,,Yes,,No,No,No,Plaid Cymru
.558866161,Yes,,No,,Yes,,No,No,No,Labour
.569058347,,Yes,No,Yes,,No,No,No,No,
.462362437,,Yes,,Yes,,Yes,No,No,No,
.786694302,No,No,No,No,No,No,No,Yes,No,
1.358588642,Yes,No,No,,No,,No,No,No,
1.044703184,,No,No,Yes,No,No,No,No,No,
.694800812,Yes,No,No,,Yes,No,No,No,No,Plaid Cymru
.37676515,No,Yes,No,No,,Yes,No,No,No,
.402213987,Yes,No,,Yes,Yes,No,No,No,No,Labour
.648440474,No,Yes,No,No,Yes,Yes,No,No,No,Liberal Democrats
1.206124947,Yes,Yes,No,No,,No,No,No,No,
1.255080618,,No,No,No,No,Yes,No,No,No,
.955099203,,Yes,Yes,No,Yes,No,No,No,No,Conservatives
1.229774467,No,Yes,No,No,No,No,No,No,No,
.701064563,No,No,Yes,No,Yes,No,No,No,No,Plaid Cymru
.681374005,Yes,Yes,No,Yes,,No,No,No,No,
.800184629,Yes,Yes,Yes,Yes,,Yes,No,No,No,
.387063181,Yes,No,No,No,Yes,Yes,Yes,No,No,Labour
.842999456,,Yes,Yes,Yes,,Yes,No,No,No,
1.908326641,No,No,No,No,Yes,,No,No,No,Greens
1.261632159,,Yes,No,Yes,,No,No,No,No,
.762610491,Yes,,No,,Yes,,No,No,No,Plaid Cymru
1.429147963,No,No,No,No,No,No,No,No,Yes,
1.621344144,No,No,No,No,No,No,No,No,Yes,
1.597255438,Yes,Yes,Yes,No,No,Yes,No,No,No,
.563852005,Yes,No,No,No,Yes,No,No,No,No,Liberal Democrats
.9635643,,Yes,No,Yes,Yes,No,No,No,No,Plaid Cymru
.5275155540000001,,Yes,No,Yes,,No,No,No,No,
.410199992,No,No,No,No,No,No,No,No,Yes,
1.208434974,No,No,No,No,No,No,No,No,Yes,
.645965942,Yes,No,No,,No,No,No,No,No,
1.060224842,Yes,,No,,Yes,No,No,No,No,Labour
1.43537654,Yes,,Yes,Yes,Yes,Yes,No,No,No,Don't know
.761089249,Yes,,,,Yes,,No,No,No,Plaid Cymru
1.064215514,,Yes,No,No,No,No,No,No,No,
.828956418,No,No,No,,Yes,,No,No,No,Plaid Cymru
.47242482,Yes,Yes,No,No,,No,No,No,No,
1.276448486,No,No,No,No,,Yes,No,No,No,
.460732746,No,,No,No,Yes,No,No,No,No,Conservatives
.416256182,Yes,,No,Yes,Yes,No,No,No,No,Labour
.796782926,Yes,Yes,No,,No,No,No,No,No,
1.353615219,,Yes,No,Yes,Yes,No,No,No,No,Conservatives
.660227448,,Yes,No,Yes,,No,No,No,No,
.812707267,,No,No,No,No,No,No,No,Yes,
1.581520804,Yes,No,Yes,No,Yes,No,No,No,No,Don't know
.788816128,,Yes,No,No,No,No,No,No,No,
.589196962,No,Yes,,,Yes,No,No,No,No,Liberal Democrats
.6044130559999999,Yes,No,No,,Yes,No,No,No,No,Plaid Cymru
.720734548,No,,No,Yes,Yes,,No,No,No,Labour
.764812009,No,Yes,No,Yes,,No,No,No,No,
.483168271,Yes,,No,No,Yes,No,No,No,No,Labour
.381321932,,Yes,No,No,Yes,No,No,No,No,Conservatives
1.875334785,,Yes,No,Yes,Yes,Yes,No,No,No,Conservatives
2.663890397,Yes,Yes,Yes,,Yes,,No,No,No,Greens
.5611560370000001,No,,,,Yes,,No,No,No,Don't know
.951520129,Yes,No,No,,Yes,No,No,No,No,Plaid Cymru
.5641936400000001,Yes,,No,No,Yes,No,No,No,No,Plaid Cymru
.540502369,Yes,Yes,Yes,Yes,,Yes,No,No,No,
1.085746223,Yes,,,,Yes,,No,No,No,Plaid Cymru
.788386699,Yes,Yes,Yes,Yes,Yes,Yes,No,No,No,Labour
.5619575020000001,No,No,No,No,No,No,No,No,Yes,
.931625654,No,Yes,No,Yes,,No,No,No,No,
.489861839,Yes,No,No,Yes,Yes,No,No,No,No,Don't know
1.271553076,No,No,No,No,Yes,No,No,No,No,Plaid Cymru
.60811874,Yes,Yes,No,No,,No,No,No,No,
.793398283,No,No,No,No,Yes,No,No,No,No,Don't know
.549858394,No,No,No,Yes,,No,No,No,No,
.791814228,No,No,No,Yes,No,No,No,No,No,
.910103433,Yes,No,No,,Yes,No,No,No,No,Plaid Cymru
2.563143174,No,Yes,No,No,,No,No,No,No,
.812342158,No,No,No,No,Yes,No,No,No,No,Don't know
.313653386,Yes,,No,,Yes,,No,No,No,Plaid Cymru
.81657833,No,Yes,Yes,Yes,,Yes,No,No,No,
1.701582126,No,Yes,Yes,Yes,,Yes,No,No,No,
1.361130419,No,Yes,No,,,No,No,No,No,
1.095838067,No,No,No,No,No,No,No,Yes,No,
.768060431,Yes,,,,Yes,No,No,No,No,Plaid Cymru
.434681175,Yes,No,No,,Yes,,No,No,No,Plaid Cymru
1.667651483,No,No,No,,Yes,No,No,No,No,Plaid Cymru
1.183513911,No,Yes,No,Yes,,Yes,No,No,No,
.781930058,No,,No,No,Yes,No,No,No,No,Greens
.9142318189999999,No,Yes,No,No,,No,No,No,No,
.813658644,No,,No,No,Yes,No,No,No,No,Labour
.833133258,No,Yes,No,Yes,,Yes,No,No,No,
.520282533,No,No,No,No,No,No,No,Yes,No,
1.519388618,No,Yes,No,No,,No,No,No,No,
.548256359,Yes,,,,Yes,No,No,No,No,Don't know
1.079443112,No,No,No,No,No,No,No,No,Yes,
1.38613153,No,No,No,No,No,No,No,No,Yes,
.917524122,Yes,,No,No,Yes,No,Yes,No,No,Plaid Cymru
1.389617093,Yes,No,No,,No,No,No,No,No,
2.386818253,No,No,No,Yes,Yes,Yes,No,No,No,Don't know
2.017247467,Yes,Yes,Yes,,Yes,No,No,No,No,Plaid Cymru
.490797694,Yes,No,No,,Yes,,No,No,No,Greens
.522531558,,No,No,No,Yes,Yes,No,No,No,None of these
.894056611,Yes,Yes,,No,Yes,No,No,No,No,None of these
1.138728725,No,No,No,,Yes,No,No,No,No,Plaid Cymru
.6206510629999999,Yes,Yes,No,No,Yes,,No,No,No,Greens
.751704018,,Yes,Yes,No,,No,No,No,No,
1.065830235,No,No,No,No,No,No,No,No,Yes,
5.520841275,No,No,No,No,No,No,No,No,Yes,
.548347278,No,No,No,No,,No,No,Yes,No,
.956829528,Yes,,,,Yes,,No,No,No,Plaid Cymru
.524097921,Yes,,No,,Yes,,No,No,No,Plaid Cymru
.985357195,Yes,Yes,No,No,No,,No,No,No,
1.206652456,,Yes,Yes,Yes,,No,No,No,No,
.849940518,No,,No,,Yes,No,No,No,No,Plaid Cymru
1.233169978,No,Yes,No,Yes,No,No,No,No,No,
.508321962,No,Yes,Yes,No,No,Yes,No,No,No,
.892582327,Yes,Yes,Yes,Yes,,Yes,No,No,No,
.913303719,Yes,No,No,,Yes,,No,No,No,Plaid Cymru
.879821803,Yes,No,No,,Yes,No,No,No,No,Plaid Cymru
1.126104819,,Yes,No,No,No,No,No,No,No,
.828316598,Yes,No,No,,Yes,,No,No,No,Plaid Cymru
.881909627,Yes,,,,Yes,No,No,No,No,Plaid Cymru
1.419815206,No,No,No,No,No,No,No,No,Yes,
.485557701,No,Yes,No,Yes,No,Yes,No,No,No,
.890135668,,Yes,No,No,Yes,No,No,No,No,Conservatives
.8414208359999999,Yes,Yes,No,No,Yes,No,No,No,No,Plaid Cymru
1.082247977,Yes,Yes,Yes,Yes,,Yes,No,No,No,
2.310422999,,Yes,No,Yes,,No,No,No,No,
.74347754,,Yes,No,No,No,No,No,No,No,
.662930027,,Yes,,Yes,Yes,No,No,No,No,Don't know
.5641405779999999,,Yes,Yes,Yes,,Yes,No,No,No,
.387063181,Yes,Yes,,,Yes,,No,No,No,Don't know
1.530901929,No,Yes,No,,No,No,No,No,No,
.468222768,Yes,No,,,Yes,,No,No,No,Labour
.855980326,Yes,No,No,No,Yes,Yes,Yes,No,No,Some other party
.321222681,Yes,,No,,Yes,,No,No,No,Plaid Cymru
.698267308,No,No,No,No,Yes,,No,No,No,Greens
.598521328,No,No,No,No,No,No,No,No,Yes,
.579880234,No,Yes,No,Yes,Yes,Yes,No,No,No,Don't know
1.43816572,Yes,No,No,,Yes,,No,No,No,Plaid Cymru
1.388488439,,Yes,Yes,Yes,,,No,No,No,
.806757813,,Yes,,Yes,No,No,No,No,No,
1.156586619,Yes,Yes,Yes,Yes,,Yes,No,No,No,
.472804156,No,No,No,Yes,,No,No,No,No,
1.096412012,Yes,Yes,No,Yes,No,Yes,No,No,No,
.589577647,No,No,No,,No,No,No,No,Yes,
.884507564,Yes,No,No,,Yes,No,No,No,No,Plaid Cymru
1.562605707,No,No,No,No,No,No,No,No,Yes,
.731667632,No,Yes,,,Yes,No,No,No,No,Plaid Cymru
.439526504,No,No,No,No,No,No,No,No,Yes,
.6355814400000001,Yes,,No,No,No,No,No,No,No,
.5440588159999999,Yes,Yes,Yes,Yes,Yes,Yes,No,No,No,None of these
.647096871,No,Yes,No,Yes,,Yes,No,No,No,
.586677534,No,Yes,Yes,Yes,,No,No,No,No,
1.122561196,No,Yes,Yes,Yes,,Yes,No,No,No,
1.372385346,Yes,Yes,Yes,Yes,,Yes,No,No,No,
.760663208,No,Yes,No,No,,No,No,No,No,
.787458916,No,No,No,No,No,No,No,No,Yes,
.847981279,Yes,Yes,No,No,,No,No,No,No,
.871103812,,,No,,Yes,No,No,No,No,Labour
1.674287129,No,No,Yes,No,,Yes,No,No,No,
.921528437,No,No,No,,Yes,No,No,No,No,Plaid Cymru
.807948773,No,No,No,No,Yes,No,No,No,No,Don't know
.622582226,No,No,No,Yes,,No,No,No,No,
.562262894,No,No,No,No,Yes,No,No,No,No,Labour
.47950995,Yes,Yes,No,No,No,No,No,No,No,
.833859469,Yes,,No,No,Yes,No,No,No,No,Labour
.363937989,No,No,No,,Yes,No,No,No,No,Plaid Cymru
2.067283283,No,,No,No,Yes,No,No,No,No,Labour
.5202582,Yes,Yes,,Yes,Yes,Yes,No,No,No,None of these
.802103521,,Yes,No,No,No,No,No,No,No,
1.372181545,No,No,No,,Yes,No,No,No,No,Labour
.470827111,Yes,No,,,No,No,No,No,No,
.5218604,No,Yes,No,No,,No,No,No,No,
.780403815,,Yes,Yes,Yes,,Yes,No,No,No,
.659402852,,Yes,No,No,,Yes,No,No,No,
.860196219,Yes,Yes,No,,Yes,No,No,No,No,Plaid Cymru
.707748429,No,No,No,No,No,No,No,No,Yes,
.862336317,No,Yes,Yes,No,No,Yes,No,No,No,
.420452141,No,Yes,Yes,Yes,,Yes,No,No,No,
1.965692019,No,No,No,No,No,No,No,No,Yes,
.841414127,No,Yes,No,No,,No,No,No,No,
.66810728,No,Yes,No,No,,No,No,No,No,
.437465494,No,No,No,,Yes,No,No,No,No,Liberal Democrats
1.922382276,Yes,,No,,Yes,No,No,No,No,Plaid Cymru
.741727598,No,No,No,No,No,No,No,No,Yes,
4.577329576,Yes,No,No,No,Yes,No,No,No,No,Don't know
1.846495397,No,No,No,No,No,No,No,No,Yes,
.575894871,No,Yes,No,No,,No,No,No,No,
.612156693,Yes,No,No,No,,No,No,No,No,
.911487275,,Yes,Yes,Yes,,No,No,No,No,
2.989014926,No,No,No,No,Yes,No,No,No,No,Greens
.615967589,Yes,Yes,No,,,No,No,No,No,
.74562914,,Yes,,Yes,,No,No,No,No,
.68161328,,No,No,No,Yes,No,No,No,No,Conservatives
1.674684147,No,No,No,,Yes,No,No,No,No,Plaid Cymru
1.792096656,,,,,Yes,Yes,No,No,No,None of these
1.355210194,No,No,No,No,,Yes,No,No,No,
.72501081,No,No,No,No,Yes,No,No,No,No,Don't know
.565321359,Yes,,No,,Yes,No,No,No,No,Labour
.928298579,Yes,No,No,,Yes,Yes,No,No,No,Plaid Cymru
1.131231037,Yes,No,No,,Yes,,No,No,No,Labour
.7418360510000001,No,Yes,Yes,Yes,,No,No,No,No,
1.383523463,No,No,No,,Yes,No,No,No,No,Conservatives
.693691458,No,Yes,No,Yes,No,Yes,No,No,No,
.74347754,,Yes,No,Yes,,No,No,No,No,
.756839684,Yes,,,,Yes,No,No,No,No,Conservatives
.535539227,Yes,,,,Yes,,No,No,No,Plaid Cymru
.410727545,No,Yes,No,Yes,No,No,No,No,No,
.890286409,Yes,,No,,Yes,,No,No,No,Plaid Cymru
.387063181,Yes,,No,,Yes,No,No,No,No,Plaid Cymru
1.073370892,No,Yes,Yes,No,,Yes,No,No,No,
1.349717566,No,Yes,Yes,Yes,,Yes,No,No,No,
1.091976129,No,No,No,No,No,No,No,Yes,No,
1.66922256,No,Yes,No,No,,No,No,No,No,
.433061404,Yes,No,No,,No,,No,No,No,
.780030201,No,Yes,,,,No,No,No,No,
1.158957039,No,Yes,Yes,Yes,No,Yes,No,No,No,
.9620781980000001,Yes,No,No,,Yes,No,No,No,No,Plaid Cymru
.584277236,No,Yes,No,No,,Yes,No,No,No,
2.161099041,No,No,No,No,No,No,No,Yes,No,
1.000642039,No,Yes,Yes,Yes,,Yes,No,No,No,
1.320619999,,,Yes,Yes,No,Yes,No,No,No,
1.032583264,Yes,,No,No,No,No,No,No,No,
.723018766,No,No,No,,Yes,Yes,No,No,No,Conservatives
.871427687,Yes,No,No,,Yes,,No,No,No,Plaid Cymru
.9425561059999999,Yes,,No,No,Yes,No,No,No,No,Plaid Cymru
1.08846836,Yes,,No,No,Yes,No,No,No,No,Labour
1.365255032,Yes,,Yes,,No,No,No,No,No,
.8520783119999999,Yes,,,,Yes,,No,No,No,Don't know
.941759404,Yes,No,No,,Yes,,No,No,No,Plaid Cymru
3.047719424,No,No,No,No,No,Yes,No,No,No,
1.534235698,,Yes,Yes,Yes,,Yes,No,No,No,
.257630122,Yes,No,,,Yes,,No,No,No,Greens
.761656798,Yes,No,No,,Yes,,No,No,No,Plaid Cymru
1.491067482,Yes,Yes,,,,No,No,No,No,
2.329495503,Yes,Yes,Yes,Yes,,Yes,No,No,No,
2.783604004,Yes,Yes,,,Yes,Yes,No,No,No,Plaid Cymru
1.224194556,No,Yes,No,Yes,,Yes,No,No,No,
1.395539199,No,No,No,No,No,No,No,Yes,No,
.762610491,No,No,No,No,Yes,,No,No,No,Don't know
1.249907397,No,,No,No,Yes,No,No,No,No,Labour
.920012496,Yes,Yes,No,,No,Yes,No,No,No,
.893972484,,Yes,Yes,Yes,,Yes,No,No,No,
.848878395,No,Yes,No,No,No,No,No,No,No,
.748989585,Yes,Yes,No,,No,No,No,No,No,
.41032654,,Yes,No,Yes,Yes,Yes,No,No,No,Conservatives
.925795762,Yes,Yes,,,No,No,No,No,No,
.5440588159999999,,,,,Yes,,No,No,No,Liberal Democrats
1.419815206,No,No,No,No,No,No,No,No,Yes,
.789214778,No,Yes,Yes,No,No,No,No,No,No,
1.43165138,Yes,Yes,No,,Yes,,No,No,No,Plaid Cymru
.668343247,Yes,No,No,,Yes,No,No,No,No,Plaid Cymru
.836643246,,Yes,Yes,Yes,,Yes,No,No,No,
1.045094064,Yes,,No,,Yes,No,No,No,No,Plaid Cymru
2.526361882,Yes,No,,,No,,No,No,No,
.635612055,,Yes,Yes,Yes,,Yes,No,No,No,
1.442674418,Yes,Yes,,,Yes,Yes,No,No,No,Plaid Cymru
.694503106,,No,No,Yes,Yes,No,No,No,No,Liberal Democrats
.547707082,Yes,No,,No,Yes,,No,No,No,Greens
.638422548,No,No,No,No,No,No,No,No,Yes,
1.847945399,No,No,No,No,No,No,No,No,Yes,
.397472116,No,Yes,No,No,,No,No,No,No,
.515755637,No,,,Yes,Yes,No,No,No,No,Plaid Cymru
1.149836198,No,No,No,No,No,No,No,No,Yes,
1.164691698,Yes,No,,,Yes,No,No,No,No,Plaid Cymru
1.147273317,,Yes,No,Yes,Yes,No,No,No,No,Conservatives
.909299659,No,Yes,,Yes,Yes,Yes,No,No,No,Liberal Democrats
.322007101,Yes,,No,,Yes,No,No,No,No,Plaid Cymru
.429543985,No,,No,No,Yes,Yes,No,No,No,Labour
.524110465,No,No,No,No,,Yes,No,No,No,
.576467329,No,No,No,No,No,,No,Yes,No,
1.338311054,Yes,Yes,Yes,,Yes,Yes,No,No,No,Don't know
1.450526396,,Yes,Yes,Yes,No,Yes,No,No,No,
1.223453215,,Yes,No,No,,Yes,No,No,No,
2.352353738,No,No,No,No,No,No,No,No,Yes,
.470651327,No,No,No,No,No,No,No,No,Yes,
1.772626728,No,No,No,No,No,No,No,No,Yes,
.7578960810000001,No,No,No,,Yes,No,No,No,No,Plaid Cymru
.707093953,No,No,No,No,No,No,No,No,Yes,
.767419961,No,Yes,,No,No,No,No,No,No,
1.904195832,No,No,No,No,No,No,No,No,Yes,
.910035358,No,No,No,Yes,No,Yes,No,No,No,
.927646214,Yes,No,No,No,No,No,No,No,No,
.76143968,No,No,No,No,No,No,No,No,Yes,
.50791186,Yes,No,No,No,Yes,,No,No,No,Plaid Cymru
1.460350428,,Yes,Yes,Yes,,Yes,No,No,No,
1.483978308,Yes,No,No,No,Yes,,No,No,No,Labour
1.155752339,Yes,,No,,Yes,,No,No,No,Plaid Cymru
.64929541,,Yes,No,,Yes,No,No,No,No,Plaid Cymru
.424192881,Yes,,,,Yes,,No,No,No,Plaid Cymru
.677588487,Yes,No,,,Yes,No,No,No,No,Plaid Cymru
1.650609888,,Yes,No,Yes,,Yes,No,No,No,
1.008366442,Yes,Yes,Yes,Yes,Yes,Yes,Yes,No,No,None of these
1.110167202,,Yes,No,Yes,,No,No,No,No,
.604515149,No,No,No,No,No,No,No,No,Yes,
.655305748,No,No,No,No,Yes,No,No,No,No,Don't know
.676494089,,Yes,No,No,No,No,No,No,No,
2.577779259,Yes,,,,Yes,,No,No,No,Plaid Cymru
.572778556,Yes,,,No,Yes,No,No,No,No,Labour
1.16699857,No,Yes,Yes,Yes,,Yes,No,No,No,
.766335271,No,No,No,Yes,No,No,No,No,No,
.456138964,Yes,No,No,,Yes,No,No,No,No,Plaid Cymru
.844620014,Yes,No,,,Yes,Yes,No,No,No,Plaid Cymru
.49062277,Yes,,No,No,Yes,,No,No,No,Plaid Cymru
1.237072134,No,No,No,No,No,No,No,No,Yes,
.635612055,,Yes,No,,Yes,,No,No,No,Conservatives
1.175228011,No,No,No,No,No,No,No,No,Yes,
1.436156585,No,,No,No,Yes,No,No,No,No,Labour
.961111717,,Yes,No,No,Yes,Yes,No,No,No,Conservatives
1.335517454,,,,,Yes,,No,No,No,Don't know
.685874617,Yes,Yes,No,,Yes,No,No,No,No,Plaid Cymru
1.156734091,Yes,Yes,No,,Yes,,Yes,No,No,Plaid Cymru
3.396693414,Yes,Yes,No,,Yes,,No,No,No,Plaid Cymru
.62970151,No,Yes,No,No,No,No,No,No,No,
2.254549885,No,No,No,No,No,No,No,Yes,No,
.586968202,Yes,No,No,,Yes,No,No,No,No,Plaid Cymru
.653214063,No,Yes,No,No,,No,No,No,No,
.619813014,No,No,No,,Yes,No,No,No,No,Plaid Cymru
.822986917,Yes,,Yes,,Yes,Yes,No,No,No,Labour
.656628403,No,,No,,Yes,No,No,No,No,Plaid Cymru
1.150461069,No,Yes,No,,,,No,No,No,
.483598644,No,Yes,Yes,Yes,,Yes,No,No,No,
.863930987,,Yes,No,No,,No,No,No,No,
2.974635776,Yes,Yes,,,Yes,,No,No,No,Plaid Cymru
.80975221,Yes,No,,No,Yes,No,No,No,No,Don't know
.740115466,Yes,,,,Yes,,No,No,No,Plaid Cymru
.458944722,Yes,,No,,Yes,,No,No,No,Plaid Cymru
.334815738,No,Yes,No,No,,No,No,No,No,
.7744859710000001,No,,No,Yes,Yes,No,No,No,No,Labour
.953753972,No,Yes,Yes,Yes,,Yes,No,No,No,
1.448148816,,Yes,No,Yes,No,No,No,No,No,
.782800429,,Yes,No,Yes,,No,No,No,No,
.9714855140000001,No,No,No,No,No,No,No,No,Yes,
.6075906089999999,Yes,,,,Yes,No,No,No,No,Plaid Cymru
.464726498,,Yes,Yes,Yes,,Yes,No,No,No,
1.220448732,No,No,No,Yes,,No,No,No,No,
.428549895,Yes,Yes,No,,Yes,,No,No,No,Plaid Cymru
.962847303,Yes,,Yes,No,No,Yes,Yes,No,No,
.497268174,No,No,,No,No,No,No,No,Yes,
2.50071488,No,No,No,No,No,No,No,No,Yes,
2.973094197,No,No,No,No,No,,No,Yes,No,
1.284091598,No,,No,No,Yes,No,No,No,No,Labour
1.079596646,No,No,No,,Yes,No,No,No,No,Labour
1.086442249,No,Yes,No,No,,No,No,No,No,
2.539947099,Yes,Yes,No,No,,No,No,No,No,
.78703121,No,No,No,No,No,No,No,No,Yes,
.627802516,No,No,No,No,No,No,No,No,Yes,
.632080022,No,Yes,Yes,Yes,,Yes,No,No,No,
.828786723,No,Yes,No,No,,No,No,No,No,
.791152709,No,Yes,Yes,Yes,,Yes,No,No,No,
.306177433,No,No,No,,Yes,No,No,No,No,Plaid Cymru
.631923661,Yes,Yes,,,Yes,No,No,No,No,None of these
1.240454638,Yes,,,,Yes,,No,No,No,Conservatives
.8221553579999999,,Yes,No,Yes,No,No,No,No,No,
.458029227,Yes,Yes,No,No,No,No,No,No,No,
1.738632534,No,,No,,Yes,No,No,No,No,Plaid Cymru
1.134992018,Yes,No,No,,Yes,No,No,No,No,Plaid Cymru
.697497047,No,No,No,,No,No,No,Yes,No,
.5818115740000001,No,Yes,No,No,No,No,No,No,No,
.861686272,No,Yes,No,,No,No,No,No,No,
1.550667971,Yes,No,Yes,,Yes,Yes,Yes,No,No,Plaid Cymru
1.247472803,No,No,No,No,No,No,No,No,Yes,
1.08111029,No,Yes,No,Yes,,No,No,No,No,
.385847264,Yes,Yes,No,,Yes,No,No,No,No,None of these
.621749111,No,Yes,Yes,Yes,,Yes,No,No,No,
.544612675,Yes,No,No,,Yes,No,No,No,No,Plaid Cymru
.8003471009999999,Yes,No,No,,Yes,No,No,No,No,Plaid Cymru
1.443904734,No,Yes,No,,No,No,No,No,No,
1.667651483,No,Yes,No,Yes,No,Yes,No,No,No,
1.1839544,,,,,,No,No,Yes,No,
3.303838264,No,Yes,Yes,Yes,,Yes,No,No,No,
1.858265035,Yes,Yes,Yes,Yes,Yes,Yes,No,No,No,Don't know
.956694138,Yes,No,No,,Yes,No,No,No,No,Plaid Cymru
.949153312,No,No,No,No,No,No,No,No,Yes,
.557807717,Yes,,No,,Yes,,No,No,No,Greens
.458171007,Yes,,No,,Yes,No,No,No,No,Plaid Cymru
.642818411,Yes,,Yes,,Yes,Yes,No,No,No,Plaid Cymru
.901888172,,Yes,No,No,,No,No,No,No,
.313151953,No,Yes,Yes,Yes,,Yes,No,No,No,
1.583074973,No,,,No,Yes,,No,No,No,Conservatives
.515974676,,Yes,No,No,No,No,No,No,No,
.847981279,No,No,No,No,No,No,No,No,Yes,
.749753551,Yes,Yes,No,No,Yes,No,No,No,No,Plaid Cymru
.8130167190000001,Yes,Yes,No,,No,,No,No,No,
1.471768559,,Yes,No,No,,No,No,No,No,
.734917321,Yes,Yes,Yes,Yes,,Yes,No,No,No,
.829418401,No,No,No,No,No,No,No,No,Yes,
.521185561,No,,No,No,Yes,No,No,No,No,Labour
1.443207825,Yes,Yes,Yes,No,No,Yes,No,No,No,
1.157517232,Yes,No,No,,Yes,No,No,No,No,Plaid Cymru
.458370783,Yes,,No,,Yes,,No,No,No,Plaid Cymru
1.754580211,Yes,No,No,,Yes,No,Yes,No,No,Labour
1.181723659,,,,No,Yes,No,No,No,No,None of these
.766089543,No,No,No,No,Yes,No,No,No,No,Don't know
1.192815244,,Yes,No,Yes,No,Yes,No,No,No,
.553494673,No,,No,Yes,Yes,No,No,No,No,Liberal Democrats
1.309801915,No,No,No,No,No,No,No,No,Yes,
1.236833693,No,Yes,No,No,,No,No,No,No,
.851162936,No,Yes,No,Yes,No,,No,No,No,
.886962231,No,No,No,Yes,,No,No,No,No,
.6872884500000001,Yes,No,Yes,No,No,Yes,No,No,No,
.62978455,Yes,Yes,,,Yes,No,No,No,No,Plaid Cymru
.793991064,No,,,No,Yes,No,No,No,No,Labour
.597201925,Yes,Yes,No,,Yes,No,No,No,No,Plaid Cymru
.670764194,,Yes,No,No,No,No,No,No,No,
.460650496,No,No,No,No,Yes,No,No,No,No,Labour
.476508156,No,No,,No,Yes,No,No,No,No,Plaid Cymru
.5641936400000001,Yes,,Yes,No,Yes,,No,No,No,Don't know
.709279581,Yes,,No,Yes,Yes,Yes,No,No,No,Labour
.518997434,Yes,Yes,No,,Yes,,No,No,No,Plaid Cymru
1.104952484,Yes,Yes,Yes,Yes,,Yes,No,No,No,
1.00118583,No,No,Yes,No,,No,No,No,No,
.694800812,Yes,No,,,Yes,,No,No,No,Plaid Cymru
.640030737,No,Yes,No,No,,No,No,No,No,
1.049428498,No,No,No,No,No,No,No,No,Yes,
.696497504,Yes,,No,No,Yes,No,No,No,No,Labour
.405057698,No,Yes,No,No,No,No,No,No,No,
.656628403,No,Yes,No,,No,No,No,No,No,
.7062271,,No,No,No,No,Yes,No,No,No,
3.437536301,No,Yes,No,,,,No,No,No,
.798144932,No,No,No,No,No,No,No,No,Yes,
1.989551664,Yes,Yes,No,No,,No,No,No,No,
1.017983779,No,No,No,No,Yes,No,No,No,No,Plaid Cymru
1.077399394,,No,No,No,Yes,No,Yes,No,No,Don't know
.767411223,Yes,,,,Yes,,No,No,No,Plaid Cymru
1.418217818,No,Yes,No,,,Yes,No,No,No,
.357347897,Yes,,No,No,Yes,No,Yes,No,No,Labour
.924809427,Yes,Yes,No,,Yes,,No,No,No,Plaid Cymru
2.017943541,No,Yes,No,No,,No,No,No,No,
.370928077,Yes,No,,,No,Yes,No,No,No,
1.038180225,Yes,Yes,Yes,Yes,,Yes,No,No,No,
.53075497,No,No,,No,Yes,No,No,No,No,Don't know
.648717604,No,No,No,No,No,No,No,No,Yes,
.507371051,Yes,Yes,No,,Yes,No,No,No,No,Plaid Cymru
.53485665,No,No,No,No,Yes,No,No,No,No,Plaid Cymru
.878631829,No,Yes,,No,,No,No,No,No,
.898173514,No,Yes,No,,,No,No,No,No,
.576207837,No,Yes,No,No,,No,No,No,No,
.501822892,,Yes,No,No,No,No,No,No,No,
1.550456952,No,Yes,,,Yes,No,No,No,No,Plaid Cymru
3.329807606,No,No,No,No,Yes,No,No,No,No,Labour
.953753972,No,Yes,Yes,Yes,,Yes,No,No,No,
3.429582171,Yes,Yes,Yes,No,,Yes,No,No,No,
1.361308852,No,Yes,No,,No,No,No,No,No,
.460827091,Yes,No,,,Yes,,No,No,No,Plaid Cymru
.899150264,No,,No,,Yes,No,No,No,No,Plaid Cymru
.8496235049999999,Yes,No,No,No,No,No,No,No,No,
.346243948,Yes,No,No,,Yes,No,No,No,No,Plaid Cymru
.933782798,No,No,No,,Yes,Yes,No,No,No,None of these
1.358798631,No,No,No,No,,No,No,No,Yes,
.310436157,Yes,No,No,,Yes,No,No,No,No,Plaid Cymru
.949153312,No,No,No,No,Yes,No,No,No,No,Plaid Cymru
.9538437239999999,No,,No,No,No,No,No,No,Yes,
2.077948431,Yes,No,No,No,Yes,,No,No,No,Labour
.973985051,No,No,No,No,Yes,No,No,No,No,Don't know
1.366940245,Yes,,,,Yes,Yes,No,No,No,Plaid Cymru
.551965607,No,Yes,Yes,,,Yes,No,No,No,
.874882731,No,Yes,Yes,No,,Yes,No,No,No,
.584778991,No,,,,Yes,,No,No,No,Plaid Cymru
1.536409287,No,No,No,No,No,No,No,No,Yes,
1.052206067,Yes,Yes,,No,No,No,No,No,No,
.826291072,,Yes,Yes,,No,No,No,No,No,
.702074277,Yes,No,No,,Yes,No,No,No,No,Plaid Cymru
.977916722,No,No,Yes,No,Yes,No,No,No,No,Don't know
1.599275713,Yes,No,No,,Yes,No,No,No,No,Plaid Cymru
.868270248,Yes,No,No,,No,No,No,No,No,
.7248250040000001,No,Yes,No,Yes,,Yes,No,No,No,
1.005324965,No,,,No,Yes,,No,No,No,Plaid Cymru
1.073954208,No,Yes,No,No,,No,No,No,No,
.99846165,Yes,,,,Yes,,No,No,No,Plaid Cymru
.766436759,Yes,Yes,Yes,Yes,,Yes,No,No,No,
.860642328,,Yes,Yes,Yes,,Yes,No,No,No,
.97437792,Yes,,No,,Yes,No,No,No,No,Labour
.676920314,No,Yes,Yes,Yes,,Yes,No,No,No,
.696497504,Yes,,,,Yes,Yes,No,No,No,Plaid Cymru
1.28621638,No,No,No,No,No,,No,No,Yes,
.600450444,No,No,No,,Yes,No,No,No,No,Plaid Cymru
6.178485879,No,No,No,No,No,No,No,No,Yes,
.416383667,No,No,No,No,,No,No,No,Yes,
.517941018,,Yes,No,Yes,,Yes,No,No,No,
.307843961,Yes,No,,,Yes,,No,No,No,Plaid Cymru
.880576885,No,No,No,No,Yes,,No,No,No,Plaid Cymru
.730833458,No,Yes,No,Yes,,Yes,No,No,No,
2.73737304,Yes,No,No,No,Yes,,No,No,No,Greens
1.28678061,No,Yes,No,No,,No,No,No,No,
.934290255,Yes,No,No,,Yes,No,No,No,No,Plaid Cymru
.577448141,,Yes,,,Yes,,No,No,No,Liberal Democrats
.826876091,,Yes,Yes,Yes,,Yes,No,No,No,
2.336810146,Yes,,No,,No,No,No,No,No,
.974537998,,Yes,Yes,Yes,,No,No,No,No,
.562262894,No,,No,Yes,Yes,No,No,No,No,Labour
.593791021,Yes,,,,Yes,No,No,No,No,Labour
.929695994,Yes,Yes,No,,Yes,,No,No,No,Greens
.744223547,Yes,,No,,Yes,No,No,No,No,Don't know
.550403824,Yes,No,,Yes,Yes,No,No,No,No,Liberal Democrats
.615967589,No,Yes,Yes,Yes,,Yes,No,No,No,
.639406036,Yes,Yes,No,Yes,Yes,No,No,No,No,Don't know
1.016564046,Yes,Yes,Yes,,No,No,No,No,No,
.860400422,No,No,No,,Yes,,No,No,No,Plaid Cymru
.750067021,,Yes,Yes,Yes,,Yes,No,No,No,
1.967606905,No,Yes,No,No,,No,No,No,No,
.767382105,No,Yes,No,No,No,No,No,No,No,
1.022727193,,No,No,No,No,No,No,Yes,No,
.527976577,Yes,No,No,Yes,Yes,No,No,No,No,Don't know
1.156640468,Yes,Yes,No,,Yes,,No,No,No,Don't know
.283198786,Yes,,,,Yes,,Yes,No,No,Plaid Cymru
.657594098,,,,,,,No,No,Yes,
1.785230184,No,Yes,Yes,Yes,,Yes,No,No,No,
.318613611,Yes,Yes,Yes,Yes,,Yes,No,No,No,
.37141294,Yes,No,No,,Yes,,No,No,No,Plaid Cymru
1.425388775,,Yes,Yes,No,Yes,No,No,No,No,Conservatives
1.209766939,Yes,Yes,Yes,Yes,,Yes,No,No,No,
.99609571,Yes,Yes,No,,Yes,,No,No,No,Plaid Cymru
.817414968,No,Yes,No,No,No,No,No,No,No,
2.678229741,Yes,Yes,No,,,Yes,No,No,No,
1.445092143,Yes,,,,Yes,,No,No,No,Plaid Cymru
1.135788257,No,,No,,Yes,,No,No,No,Plaid Cymru
1.276448486,Yes,,No,,Yes,No,No,No,No,Plaid Cymru
.501641896,Yes,Yes,Yes,No,Yes,No,No,No,No,Don't know
.974210346,No,No,No,No,Yes,No,No,No,No,Don't know
1.219446914,Yes,Yes,No,,Yes,,No,No,No,Don't know
1.236833693,No,No,No,,Yes,No,No,No,No,Labour
.662054672,Yes,No,No,,Yes,,No,No,No,Plaid Cymru
1.937056226,No,Yes,No,No,,Yes,No,No,No,
.84391649,Yes,Yes,Yes,,Yes,,No,No,No,Greens
.45235964,No,No,No,No,,No,No,Yes,No,
.414197195,Yes,,No,,Yes,,No,No,No,Plaid Cymru
1.743556687,No,No,No,No,No,No,No,No,Yes,
.769350754,No,No,No,No,No,No,No,No,Yes,
2.592211351,No,No,No,No,No,No,No,No,Yes,
.761124125,No,Yes,No,Yes,,No,No,No,No,
.774655611,Yes,Yes,No,,Yes,Yes,No,No,No,Plaid Cymru
1.417447517,No,Yes,No,Yes,,No,No,No,No,
.698269404,Yes,Yes,Yes,Yes,,Yes,No,No,No,
1.910393102,Yes,No,No,,Yes,,No,No,No,Plaid Cymru
.744228425,,Yes,No,No,,Yes,No,No,No,
.488250803,No,No,No,No,,No,No,No,Yes,
.599086151,Yes,No,No,Yes,Yes,No,No,No,No,Liberal Democrats
1.676142303,No,No,No,No,No,No,No,No,Yes,
.720766783,No,Yes,No,No,,No,No,No,No,
1.200302256,No,No,No,,Yes,No,No,No,No,Plaid Cymru
1.774626539,Yes,No,No,,Yes,,No,No,No,Greens
1.067983582,Yes,No,No,,Yes,,No,No,No,Plaid Cymru
.659543195,No,No,No,No,No,No,No,No,Yes,
.961847396,Yes,Yes,No,Yes,No,Yes,No,No,No,
1.4060978,Yes,Yes,No,No,,No,No,No,No,
.560654969,,No,No,Yes,No,No,No,No,No,
1.291555447,Yes,Yes,No,,Yes,No,No,No,No,Plaid Cymru
1.149688919,Yes,,No,No,Yes,,No,No,No,Greens
.812978697,Yes,Yes,Yes,,Yes,,No,No,No,Plaid Cymru
1.443173721,Yes,No,No,No,Yes,,No,No,No,Greens
.897701288,No,Yes,,,Yes,No,No,No,No,Plaid Cymru
2.114406638,No,No,No,No,No,No,No,No,Yes,
1.041092797,No,Yes,No,No,,No,No,No,No,
.742132766,Yes,No,No,,Yes,No,No,No,No,Plaid Cymru
.517349273,No,Yes,No,No,,No,No,No,No,
.865498934,No,No,No,No,No,No,No,No,Yes,
1.848884865,No,No,No,Yes,Yes,No,No,No,No,Don't know
1.480556228,Yes,Yes,No,,Yes,,No,No,No,Plaid Cymru
.637714577,Yes,No,No,,Yes,,No,No,No,Greens
.5910790460000001,Yes,No,No,,No,No,No,No,No,
1.0271449,Yes,No,No,,Yes,,No,No,No,Plaid Cymru
.556828522,No,No,No,,Yes,No,No,No,No,Plaid Cymru
.940582761,,Yes,Yes,Yes,,Yes,No,No,No,
1.072507384,No,,,,Yes,,No,No,No,Conservatives
1.186262054,Yes,No,No,,Yes,,No,No,No,Plaid Cymru
.8814306200000001,No,No,No,No,No,No,No,No,Yes,
1.189580859,Yes,Yes,Yes,,,Yes,No,No,No,
.630362475,No,,No,No,Yes,No,No,No,No,Plaid Cymru
.422885176,Yes,No,No,No,,No,No,No,No,
.5641936400000001,No,No,No,,Yes,No,No,No,No,Plaid Cymru
.826567163,No,No,No,No,No,No,No,No,Yes,
.923227302,Yes,,No,,Yes,No,No,No,No,Plaid Cymru
.352189131,Yes,Yes,No,,Yes,No,No,No,No,Plaid Cymru
1.737404587,Yes,Yes,Yes,No,No,,No,No,No,
.809189617,Yes,No,No,No,Yes,,No,No,No,Plaid Cymru
.626964679,No,Yes,No,,No,No,No,No,No,
.645443,Yes,No,,,Yes,No,No,No,No,None of these
.400393909,Yes,,,,Yes,,No,No,No,Labour
.65581676,Yes,,No,No,No,No,No,No,No,
1.318922499,No,Yes,Yes,,No,Yes,No,No,No,
.526488573,Yes,No,No,,Yes,,No,No,No,Don't know
1.400053319,,Yes,No,Yes,,No,No,No,No,
1.660709401,No,Yes,No,No,,Yes,No,No,No,
.74562914,No,No,No,,Yes,No,No,No,No,Labour
1.178313772,,Yes,Yes,Yes,,Yes,No,No,No,
.6061104980000001,Yes,No,No,,Yes,,No,No,No,Plaid Cymru
.700737514,Yes,No,No,,Yes,,No,No,No,Greens
2.40935569,No,No,No,No,Yes,No,No,No,No,Conservatives
.847962171,Yes,No,No,,Yes,No,No,No,No,Plaid Cymru
2.48663288,Yes,No,No,,Yes,Yes,No,No,No,Plaid Cymru
.427081748,Yes,Yes,No,No,,No,No,No,No,
1.052941627,No,No,No,No,Yes,,No,No,No,Greens
.940814819,No,,No,No,No,No,No,Yes,No,
.784004813,,Yes,Yes,,,Yes,No,No,No,
.454662868,Yes,,Yes,,Yes,,No,No,No,Greens
1.072725379,,Yes,No,No,No,No,No,No,No,
.899644745,Yes,,Yes,,Yes,,No,No,No,Plaid Cymru
2.469789244,No,No,No,No,Yes,No,No,No,No,Don't know
1.493882171,,Yes,No,No,,Yes,No,No,No,
.475033744,Yes,,No,No,No,No,No,No,No,
2.603095609,,Yes,No,No,No,No,No,No,No,
2.317247875,Yes,No,No,,Yes,No,No,No,No,Greens
1.081430322,No,No,No,No,No,No,No,Yes,No,
.929695994,No,No,No,No,No,No,No,No,Yes,
.720524273,No,Yes,Yes,Yes,,Yes,Yes,No,No,
.867812802,No,No,No,No,No,No,No,No,Yes,
1.365312712,Yes,Yes,No,No,,No,No,No,No,
1.887931567,No,No,No,No,,Yes,No,No,No,
1.454713287,Yes,Yes,Yes,,No,No,No,No,No,
2.195411316,Yes,Yes,Yes,No,Yes,,No,No,No,Plaid Cymru
.506581763,No,No,No,,Yes,No,No,No,No,Plaid Cymru
1.041629654,No,No,,Yes,Yes,,No,No,No,Labour
.77725837,Yes,Yes,,,Yes,,No,No,No,Greens
.446309917,Yes,No,No,No,Yes,,No,No,No,Plaid Cymru
.49062277,No,No,No,No,Yes,,No,No,No,Greens
1.44083333,No,Yes,Yes,Yes,,Yes,No,No,No,
.415385221,,Yes,Yes,Yes,,Yes,No,No,No,
.491246325,No,No,No,No,No,No,No,No,Yes,
.4862106,Yes,No,,,Yes,No,No,No,No,Plaid Cymru
1.546359106,No,No,Yes,No,No,,No,No,No,
.975536823,No,Yes,No,,No,No,No,No,No,
1.990568824,Yes,,No,No,No,No,No,No,No,
1.096483811,No,Yes,No,No,,No,No,No,No,
1.669933295,Yes,No,No,,Yes,No,No,No,No,Plaid Cymru
.832607497,Yes,No,No,No,Yes,,No,No,No,Greens
.309545723,Yes,No,No,,Yes,,No,No,No,Plaid Cymru
.73695753,No,Yes,Yes,,Yes,No,No,No,No,Plaid Cymru
.438315374,Yes,,No,,Yes,,No,No,No,Plaid Cymru
.698878917,No,Yes,No,No,,Yes,No,No,No,
.781179672,No,,No,,No,Yes,No,No,No,
.610575983,No,No,No,No,,No,No,Yes,No,
1.26738993,Yes,No,No,,Yes,,No,No,No,Plaid Cymru
.659483581,,No,No,,Yes,,No,No,No,Greens
2.195411316,Yes,Yes,No,,Yes,,No,No,No,Plaid Cymru
2.066852427,No,No,,,Yes,No,No,No,No,Labour
5.443104417,Yes,Yes,No,No,,No,No,No,No,
.668120106,No,No,,No,Yes,No,No,No,No,Conservatives
.870893856,No,Yes,No,No,,No,No,No,No,
.713689275,Yes,Yes,Yes,Yes,,Yes,Yes,No,No,
2.388806012,Yes,Yes,No,No,,No,No,No,No,
.677195698,,Yes,No,Yes,Yes,No,No,No,No,Don't know
.480565172,Yes,No,No,No,Yes,No,No,No,No,Don't know
.9101156,No,No,No,No,Yes,Yes,No,No,No,Don't know
3.396693414,Yes,,,,Yes,,No,No,No,Plaid Cymru
1.279260682,No,No,No,No,Yes,No,No,No,No,Don't know
.687681995,No,No,No,,Yes,No,No,No,No,Liberal Democrats
.98304348,Yes,Yes,Yes,No,,Yes,No,No,No,
1.564810655,No,No,No,No,No,No,No,No,Yes,
1.701615203,Yes,Yes,,,Yes,,No,No,No,Plaid Cymru
1.193327619,Yes,Yes,No,,No,No,No,No,No,
.692803598,Yes,,,,Yes,,No,No,No,Greens
2.195411316,No,No,No,,Yes,,No,No,No,Plaid Cymru
.369730938,Yes,Yes,,,Yes,No,No,No,No,Plaid Cymru
.878591568,No,No,No,No,No,No,No,Yes,No,
.970728379,No,Yes,Yes,Yes,,Yes,No,No,No,
1.605403937,No,Yes,No,Yes,,Yes,No,No,No,
1.04627568,No,,No,No,Yes,No,No,No,No,Plaid Cymru
1.340659876,Yes,No,No,,Yes,,No,No,No,Plaid Cymru
.731800989,Yes,Yes,No,,Yes,,No,No,No,Plaid Cymru
1.636505606,No,No,No,No,No,No,No,No,Yes,
1.174252905,Yes,No,No,,Yes,No,No,No,No,Plaid Cymru
.538049985,No,,No,No,Yes,No,No,No,No,Don't know
1.222317308,No,No,No,,Yes,No,No,No,No,Plaid Cymru
3.891409442,Yes,No,,,Yes,,No,No,No,Don't know
1.282998619,No,,No,No,Yes,,No,No,No,Don't know
.812783619,Yes,,No,,Yes,No,No,No,No,Labour
.52672159,No,Yes,No,,No,No,No,No,No,
.708123696,No,Yes,No,,Yes,No,No,No,No,Conservatives
.602065745,No,No,No,,Yes,No,No,No,No,Plaid Cymru
2.107935019,Yes,Yes,,,Yes,,No,No,No,Plaid Cymru
.436336945,No,Yes,No,,Yes,No,No,No,No,Plaid Cymru
.963084414,,Yes,No,No,,No,No,No,No,
1.26243757,Yes,No,,,Yes,No,No,No,No,Plaid Cymru
.912272275,Yes,,No,,,,No,No,No,
3.288482976,No,No,No,,Yes,No,No,No,No,Plaid Cymru
1.136027243,Yes,No,,,No,No,No,No,No,
1.737227777,Yes,No,No,,Yes,,No,No,No,Plaid Cymru
.565014306,No,No,No,No,Yes,,No,No,No,Greens
2.131908614,No,Yes,No,No,No,No,No,No,No,
.472988219,No,Yes,Yes,No,No,Yes,No,No,No,
1.882803535,Yes,No,,,Yes,,No,No,No,Plaid Cymru
1.910393102,Yes,,,,Yes,,No,No,No,Liberal Democrats
.501069446,Yes,No,No,,Yes,No,No,No,No,Plaid Cymru
.562697168,,Yes,Yes,Yes,,Yes,No,No,No,
1.700690975,Yes,No,,,Yes,,No,No,No,Greens
2.917680554,Yes,,,,Yes,Yes,No,No,No,Liberal Democrats
.527027539,No,,,,Yes,,No,No,No,Plaid Cymru
1.518215339,No,No,No,No,Yes,No,No,No,No,Don't know
.340029854,Yes,,,,Yes,,No,No,No,Conservatives
2.012713631,No,No,No,No,No,No,No,No,Yes,
.949153312,Yes,,No,No,Yes,No,No,No,No,Liberal Democrats
.539245607,No,No,No,,Yes,,No,No,No,Plaid Cymru
.815539329,,No,No,,Yes,No,No,No,No,Liberal Democrats
1.358918699,Yes,Yes,,,Yes,No,No,No,No,Plaid Cymru
1.368718129,No,No,No,,Yes,,No,No,No,Plaid Cymru
2.179496749,No,No,No,,Yes,No,No,No,No,Plaid Cymru
1.950417785,No,No,No,No,No,No,No,No,Yes,
1.279955886,No,No,No,No,Yes,No,No,No,No,Don't know
1.575527292,No,No,No,No,No,No,No,No,Yes,
1.922382276,No,,No,,Yes,,No,No,No,Labour
1.025050186,No,,No,No,No,No,No,Yes,No,
1.963681784,No,,No,,Yes,,No,No,No,Plaid Cymru
1.343418363,Yes,,No,No,Yes,,No,No,No,Greens
2.669688452,No,No,No,No,No,No,No,No,Yes,
1.773402675,No,No,No,No,No,No,No,No,Yes,
1.61906575,No,No,Yes,No,,No,No,No,No,
